Thich Nhat Hanh|Walk as if you are kissing the Earth with your feet.
Thich Nhat Hanh|Feelings come and go like clouds in a windy sky. Conscious breathing is my anchor.
Pema Chödrön|The most fundamental aggression to ourselves, the most fundamental harm we can do to ourselves, is to remain ignorant by not having the courage and the respect to look at ourselves honestly and gently.
Amit Ray|If you want to conquer the anxiety of life, live in the moment, live in the breath.
Pema Chödrön|If someone comes along and shoots an arrow into your heart, it’s fruitless to stand there and yell at the person. It would be much better to turn your attention to the fact that there’s an arrow in your heart...
Thich Nhat Hanh|The present moment is filled with joy and happiness. If you are attentive, you will see it. (21)
Amit Ray|Looking at beauty in the world, is the first step of purifying the mind.
Jack Kornfield|In the end, just three things matter:. . How well we have lived. How well we have loved. How well we have learned to let go
Marcus Aurelius|Do every act of your life as though it were the very last act of your life.
Robin S. Sharma|Everything is created twice, first in the mind and then in reality.
Catherynne M. Valente|Do not ruin today with mourning tomorrow.
Mother Teresa|Be happy in the moment, that's enough. Each moment is all we need, not more.
Louis L&#39;Amour|Few of us ever live in the present. We are forever anticipating what is to come or remembering what has gone.
Marilynne Robinson|I am grateful for all those dark years, even though in retrospect they seem like a long, bitter prayer that was answered finally.
Charlotte Eriksson|I don’t need anyone else to distract me from myself anymore, . like I always thought I would.
Victoria Moran|In this moment, there is plenty of time. In this moment, you are precisely as you should be. In this moment, there is infinite possibility. (17)
Amit Ray|Mind is a flexible mirror, adjust it, to see a better world.
Marilynne Robinson|There are a thousand thousand reasons to live this life, everyone of them sufficient
Henry James|True happiness, we are told, consists in getting out of one's self; but the point is not only to get out - you must stay out; and to stay out you must have some absorbing errand.
Pema Chödrön|Without giving up hope—that there’s somewhere better to be, that there’s someone better to be—we will never relax with where we are or who we are.
Amit Ray|Breath is the finest gift of nature. Be grateful for this wonderful gift.
Allan Lokos|Do not speak about anyone who is not physically present.
Jalaluddin Rumi|Let go of your mind and then be mindful.. Close your ears and listen!
Amit Ray|Life is a dance. Mindfulness is witnessing that dance.
Amit Ray|Vipassana meditation is an ongoing creative purification process. Observation of the moment-to-moment experience cleanses the mental layers, one after another.
Thich Nhat Hanh|Walk as if you are kissing the Earth with your feet.
Thich Nhat Hanh|Feelings come and go like clouds in a windy sky. Conscious breathing is my anchor.
Pema Chödrön|The most fundamental aggression to ourselves, the most fundamental harm we can do to ourselves, is to remain ignorant by not having the courage and the respect to look at ourselves honestly and gently.
Amit Ray|If you want to conquer the anxiety of life, live in the moment, live in the breath.
Pema Chödrön|If someone comes along and shoots an arrow into your heart, it’s fruitless to stand there and yell at the person. It would be much better to turn your attention to the fact that there’s an arrow in your heart...
Thich Nhat Hanh|The present moment is filled with joy and happiness. If you are attentive, you will see it. (21)
Amit Ray|Looking at beauty in the world, is the first step of purifying the mind.
Jack Kornfield|In the end, just three things matter:. . How well we have lived. How well we have loved. How well we have learned to let go
Marcus Aurelius|Do every act of your life as though it were the very last act of your life.
Robin S. Sharma|Everything is created twice, first in the mind and then in reality.
Catherynne M. Valente|Do not ruin today with mourning tomorrow.
Mother Teresa|Be happy in the moment, that's enough. Each moment is all we need, not more.
Louis L&#39;Amour|Few of us ever live in the present. We are forever anticipating what is to come or remembering what has gone.
Marilynne Robinson|I am grateful for all those dark years, even though in retrospect they seem like a long, bitter prayer that was answered finally.
Charlotte Eriksson|I don’t need anyone else to distract me from myself anymore, . like I always thought I would.
Victoria Moran|In this moment, there is plenty of time. In this moment, you are precisely as you should be. In this moment, there is infinite possibility. (17)
Amit Ray|Mind is a flexible mirror, adjust it, to see a better world.
Marilynne Robinson|There are a thousand thousand reasons to live this life, everyone of them sufficient
Henry James|True happiness, we are told, consists in getting out of one's self; but the point is not only to get out - you must stay out; and to stay out you must have some absorbing errand.
Pema Chödrön|Without giving up hope—that there’s somewhere better to be, that there’s someone better to be—we will never relax with where we are or who we are.
Amit Ray|Breath is the finest gift of nature. Be grateful for this wonderful gift.
Allan Lokos|Do not speak about anyone who is not physically present.
Jalaluddin Rumi|Let go of your mind and then be mindful.. Close your ears and listen!
Amit Ray|Life is a dance. Mindfulness is witnessing that dance.
Amit Ray|Vipassana meditation is an ongoing creative purification process. Observation of the moment-to-moment experience cleanses the mental layers, one after another.
Marcus Aurelius|Perfection of character is this: to live each day as if it were your last, without frenzy, without apathy, without pretence.
Alan W. Watts|One is a great deal less anxious if one feels perfectly free to be anxious, and the same may be said of guilt.
Allan Lokos|Don't believe everything you think. Thoughts are just that - thoughts.
Raji Lukkoor|Respond; don't react.. Listen; don't talk.. Think; don't assume.
Allan Lokos|Suffering usually relates to wanting things to be different from the way they are.
Deepak Chopra|Don’t let a day go by without asking who you are…each time you let a new ingredient to enter your awareness.
Victoria Moran|It stands to reason that anyone who learns to live well will die well. The skills are the same: being present in the moment, and humble, and brave, and keeping a sense of humor. (361)
Sharon Salzberg|Restore your attention or bring it to a new level by dramatically slowing down whatever you're doing.
Victoria Moran|[T[his isn’t just “another day, another dollar.” It’s more like “another day, another miracle.” (213)
Swami Satchidananda|When even one virtue becomes our nature, the mind becomes clean and tranquil. Then there is no need to practice meditation; we will automatically be meditating always. (151)
Sharon Salzberg|Mindfulness isn't difficult, we just need to remember to do it.
C.G. Jung|One does not become enlightened by imagining figures of light, but by making the darkness conscious. The latter procedure, however, is disagreeable and therefore not popular.
Aberjhani|Diversity is an aspect of human existence that cannot be eradicated by terrorism or war or self-consuming hatred. It can only be conquered by recognizing and claiming the wealth of values it represents for all.
Tsoknyi Rinpoche|True compassion is undirected &amp; holds no conceptual focus. That kind of genuine, true compassion is only possible after realizing emptiness.
Doug Dillon|Treat everyone you meet as if they were you.
Allan Lokos|Patience has all the time it needs.
Orna Ross|It's good to have an end in mind but in the end what counts is how you travel.
Tsoknyi Rinpoche|Through recognizing and realizing the empty essence, instead of being selfish and self-centered, one feels very open and free
David Foster Wallace|Think of the old cliché about the mind being 'an excellent servant but a terrible master'. This, like many clichés, so lame &amp; banal on the surface, actually expresses a great &amp; terrible truth.
Sharon Salzberg|Meditation is a microcosm, a model, a mirror. The skills we practice when we sit are transferable to the rest of our lives.
Allan Lokos|You cannot control the results, only your actions.
Sharon Salzberg|Meditation is the ultimate mobile device; you can use it anywhere, anytime, unobtrusively.
Ravi Ravindra|Yoga practice can make us more and more sensitive to subtler and subtler sensations in the body. Paying attention to and staying with finer and finer sensations within the body is one of the surest ways to steady the wandering mind. (39)
Allan Lokos|You actions are your only true belongings.
Sharon Salzberg|All beings want to be happy, yet so very few know how. It is out of ignorance that any of us cause suffering, for ourselves or for others
Ravi Ravindra|Each place is the right place--the place where I now am can be a sacred space. (3)
Stephen Richards|When you reach a calm and quiet meditative state, that is when you can hear the sound of silence.
Huston Smith|With mind distracted, never thinking, "Death is coming,". To slave away on the pointless business of mundane life,. And then to come out empty--it is a tragic error. (116). trans by Robert Thurman
Allan Lokos|One doesn't have to be religious to lead a moral life or attain wisdom.
Sharon Salzberg|Mindfulness, also called wise attention, helps us see what we’re adding to our experiences, not only during meditation sessions but also elsewhere.
Daniel J. Siegel|Mindfulness has never met a cognition it didn't like.
Allan Lokos|Inner Peace can be seen as the ultimate benefit of practicing patience.
Richard Bach|If you really want to remove a cloud from your life, you do not make a big production of it, you just relax and remove it from your thinking. That's all there is to it.
Sharon Salzberg|We use mindfulness to observe the way we cling to pleasant experiences &amp; push away unpleasant ones.
Sharon Salzberg|Let the breath lead the way.
Aberjhani|There is no envy, jealousy, or hatred between the different colors of the rainbow. And no fear either. Because each one exists to make the others’ love more beautiful.
Doug Dillon|Stay present for the “now” of your life. It’s your “point of power.
Stephen Batchelor|[Mindfulness] is not concerned with anything transcendent or divine. It serves as an antidote to theism, a cure for sentimental piety, a scalpel for excising the tumor of metaphysical belief. (130)
Jeffrey A.  White|Stop, breathe, look around. and embrace the miracle of each day,. the miracle of life.
Laurence Binyon|We too should make ourselves empty, that the great soul of the universe may fill us with its breath.
Sharon Salzberg|Meditation is essentially training our attention so that we can be more aware— not only of our own inner workings but also of what’s happening around us in the here &amp; now.
Sheri S. Tepper|A bird cried jubilation. In that moment they lived long. All minor motions were stilled and only the great ones were perceived. Beneath them the earth turned, singing.
Alaric Hutchinson|Love is being able to view a situation without adding duality to it.
Idowu Koyenikan|The mind is just like a muscle - the more you exercise it, the stronger it gets and the more it can expand.
Eric Schmidt|A mind set in its ways is wasted. Don't do it.
Amit Ray|Open the window of your mind. Allow the fresh air,new lights and new truths to enter.
Mary Oliver|How heron comes. . It is a negligence of the mind. not to notice how at dusk. heron comes to the pond and. stands there in his death robes, perfect. servant of the system, hungry, his eyes. full of attention, his wings. pure light
Sharon Salzberg|To reteach a thing its loveliness is the nature of metta. Through lovingkindness, everyone &amp; everything can flower again from within.
Rashedur Ryan Rahman|Your comfort zone is a place where you keep yourself in a self-illusion and nothing can grow there but your potentiality can grow only when you can think and grow out of that zone.
Allan Lokos|Remind yourself that your mental &amp; emotional health are important.
Bert McCoy|Don't be so loyal to your mind; the mind is not loyal to You.
Allan Lokos|We need never be bound by the limitations of our previous or current thinking, nor are we ever locked into being the person we used to be, or think we are.
Allan Lokos|The experience of pleasant, unpleasant, or neutral is the consequences of perception.
Allan Lokos|Patience is both the tool for and the result of, our efforts.
Sharon Salzberg|Meditation may be done in silence &amp; stillness, by using voice &amp; sound, or by engaging the body in movement. All forms emphasize the training of attention.
Allan Lokos|An open beginner's mind is a powerful tool for developing patience.
Allan Lokos|The virtues of free enterprise can become distorted by greed &amp; delusion.
Sharon Salzberg|Seeking is endless. It never comes to a state of rest; it never ceases.
Allan Lokos|When we teach a child patience we offer them the gift of a dignified life.
Doug Dillon|We may be living past and future lives at the same time we are living this one.
Allan Lokos|The art of peaceful living comes down to living compassionately &amp; wisely.
Allan Lokos|Without the ability to be present we are missing much of what the adventure has to offer.
Donald Rothberg|...it is often more difficult to remember to be mindful than to be mindful itself. (p. 47)
Nyanaponika Thera|Two thoughts cannot coexist at the same time: if the clear light of mindfulness is present, there is no room for mental twilight.
Roy   Bennett|When you open your mind, you open new doors to new possibilities for yourself and new opportunities to help others.
Dan Santat|But remember, there's no greater gift than the present.
Carlos Castaneda|Seek and see all the marvels around you. You will get tired of looking at yourself alone, and that fatigue will make you deaf and blind to everything else. - Don Juan
Allan Lokos|Compassion is not complete if it does not include oneself.
Allan Lokos|A modern definition of equanimity: cool. This refers to one whose mind remains stable &amp; calm in all situations.
Allan Lokos|One who is patient glows with an inner radiance.
Allan Lokos|Understanding the true nature of things, or seeing things as they really are, is the ground of wisdom.
Sharon Salzberg|We long for permanence but everything in the known universe is transient. That’s a fact but one we fight.
Allan Lokos|So what is a good meditator? A good meditator meditates.
Allan Lokos|Patience requires a slowing down, a spaciousness, a sense of ease.
Allan Lokos|One of the best ways to support the development of patience is to cultivate happiness with yourself.
Sharon Salzberg|Buddha ﬁrst taught metta meditation as an antidote: as a way of surmounting terrible fear when it arises.
Sharon Salzberg|Like water poured from one vessel to another, metta ﬂows freely, taking the shape of each situation without changing its essence.
Allan Lokos|To be mindful entails examining the path we are traveling &amp; making choices that alleviate suffering &amp; bring happiness to ourselves &amp; those around us.
Jesse Ball|…In this way that he sought to control the very passage of his life, deftly and without forethought, yet precisely and with enormous care. Part of it was to allow what was enormous, what was profound, without limiting it.
Desmond Biddulph|Although social and personal circumstances will play their part in contributing to how an individual suffers, in Buddhist thought blame is seen as a "poison" that will only lead to negative actions and will do nothing to reduce suffering.
Sharon Salzberg|By practicing meditation we establish love, compassion, sympathetic joy &amp; equanimity as our home.
Allan Lokos|We cannot force the development of mindfulness.
Allan Lokos|People in the midst of losing their patience are certainly experiencing as aspect of dukkha.
Sharon Salzberg|To relinquish the futile effort to control change is one of the strengthening forces of true detachment &amp; thus true love.
Sharon Salzberg|With attachment all that seems to exist is just me &amp; that object I desire.
Allan Lokos|We yearn for there to be meaning to our lives, balanced with a sense of inner peace &amp; joy.
Donald Rothberg|To be mindful of social phenomena is thus to identify more clearly hatred, greed, and delusion as well as the seeds of wisdom and compassion both around us and in us. (p. 52)
Sharon Salzberg|When we practice metta, we open continuously to the truth of our actual experience, changing our relationship to life.
Aditya Ajmera|Freedom means either be mindful or do not mind.
Chris Matakas|Nothing worthwhile ever came from divided attention.
Amit Ray|Beauty is the moment when time vanishes and eternity arises.
Kilroy J. Oldster|All of our thoughts – ideas – are traceable to a sensation, an encounter with the world that leaves an impression upon the mind.
Rasheed Ogunlaru|Step outside for a while - calm your mind. It is better to hug a tree than to bang your head against a wall continually
Richie Norton|Freedom rings when you realize you can become what you never thought you could become.
John Bruna|Every thought, word, and action plants seeds in the garden of your life. Are you planting seeds of love, compassion, peace, or those of anger, resentment and dissatisfaction? Choose wisely and tend your garden well.
Kat Lahr|It is within the boundaries of reflection we are able to become aware of insights that can lead us to understanding.
Kat Lahr|We must not fall asleep in the present because the now moment is the only reality we truly have.
Mark Nepo|It’s like wearing gloves every time we touch something, and then, forgetting we chose to put them on, we complain that nothing feels quite real.
Rasheed Ogunlaru|A few simple tips for life: feet on the ground, head to the skies, heart open...quiet mind
John Bruna|Every moment, every breath, is a new opportunity. An opportunity to let go of the past and to become the person you choose to be.
John Bruna|Today is sacred - for it will never come again. What could be more important than living this day with attention and the intention to be of benefit, to the best of your ability, to all you encounter?
John Bruna|Truly listening, attentively, and with care, is one of the simplest and most kind gifts we can give anyone.
John Bruna|Patience is an action and a skill to be cultivated. It actually solves more problems that most other actions.
John Bruna|True freedom is the ability to respond consciously, in the most beneficial way, to whatever life throws at you.
John Bruna|When you look back at the painful and difficult events of your life, you find that they were the times of your greatest personal growth. The challenges of our lives provide us the opportunity to develop our highest potentials.
Richie Norton|Home is where your people are.
Taranpreet Singh|Positivity of Life and Negativity of Mind cannot exist together. The more you keep on adapting the positivity into your mind, the more beautiful your world will become.
Rasheed Ogunlaru|It is not blindly pushing your own agenda that will enrich the world. It’s is your ability and willingness to understand, appreciate, anticipate, address, serve and support the lives of others that will.
Bikash Bhandari|Your thoughts are based on your perceptions and those thoughts are capable to refine your perceptions again.
Rasheed Ogunlaru|Open your eyes, mind and heart - and then (only then) you will see
Robert M. Pirsig|What he’s looking for, what he wants, is all around him, but he doesn’t want that because it is all around him. Every step’s an effort, both physically and spiritually, because he imagines his goal to be external and distant.
Kilroy J. Oldster|Irrespective of what religious or intellectual philosophy guides an enlightened person’s life plan, self-mastery plays an important, if not quintessential role.
Kilroy J. Oldster|Mindfulness can serve as an antidote to living a fragmental life riven with deleterious delusions and illusions.
Rosa Montero|Yo no soy mi memoria. Que además sé que es falsa. Yo soy mis actos y mis días.
Thich Nhat Hanh|Do not lose yourself in the past. Do not lose yourself in the future. Do not get caught in your anger, worries, or fears. Come back to the present moment, and touch life deeply. This is mindfulness.
lauren klarfeld|If we love someone deeply, be they friends, family or lovers, don’t treat the relationship like a playground game of back and forth or tit for tat. See it as a loving connection and let that be the basis of it all.
Herman Hesse|Within yourself is a stillness and a sanctuary to which you can retreat at any time and be yourself.
Waylon H. Lewis|Meditate five minutes each morning and see it wake up your entire life.
lauren klarfeld|If we are with someone out of choice, we should act accordingly, and choose to communicate rather than deteriorate.
Aniekee Tochukwu Ezekiel|Go inside you, feel the silence, use the eternal now that rules the past and the future.
lauren klarfeld|As any distance we take from things give us an outside perspective, so does taking a geographical distance—offering us a new vantage point over our lives.
Joseph Goldstein|When the momentum of mindfulness is well developed, it works like a boomerang; even if we want to distract ourselves, the mind naturally rebounds to a state of awareness.
Rasheed Ogunlaru|Sooner or later everything will turn to dust - except love
Alan W. Watts|To "know" reality you cannot stand outside it and define it; you must enter into it, be it, and feel it.
Vironika Tugaleva|It will take as long as it takes. Your work is to take the time and make the space. Everything else is beyond your influence.
Vironika Tugaleva|Emotions are not problems to be solved. They are signals to be interpreted.
Erin Fall Haskell|Her beauty is untouchable.
Krista Tippett|<strong>Listening is about being present, not just about being quiet. I meet others with the life I’ve lived, not just with my questions.</strong>
Alaric Hutchinson|There is no reason good enough for us to ever be out of alignment with Peace, and there is no reason good enough for us to ever be out of alignment with Love.
Alaric Hutchinson|Keep your opinion to yourself unless it’s asked for.
David Michie|When we understand the true nature of mind, we start to see these thoughts merely as thoughts instead of engaging with them. They arise, abide, and pass. They have no substance and certainly no power unless we git it to them.
Robert M. Pirsig|For every fact there is an infinity of hypotheses.. . The more you look the more you see.
Nikki Rowe|I have a fear of living a surface kind of life; . barely existing, barely touching or tasting anything. That's why you'll always see me giving my all or walking away ~ I'm too full of depth to dance in the middle of anything.
Aniekee Tochukwu Ezekiel|When you face reality, give other realities you don't know yet a chance to reach your mind.
Nikki Rowe|My heart broke and my mind opened, tragedy works in a funny way like that ~ what once tore me apart was actually what was setting my truth free.
Will Adolphy|If you stand back far enough, anything and everything is nothing.
Alaric Hutchinson|Even the most aware of us do not realize the infinite power we possess or the magnitude of the ability we have to create, transmute, and transcend.
Jean Moreau, Abbey of Kervennec, France|Freedom of will is our birthright.
Nikki Rowe|Accept where you are, accept what you have, accept who you are ~ do what you can with all of that and let it be enough.
Nikki Rowe|Your mind, it will trick you . but your heart, it will not.
Jean Moreau, Abbey of Kervennec, France|Mindfulness is a quiet mind, an aware mind. Mindfulness itself is not about ‘arriving,’ but about being.
Alaric Hutchinson|Energy does not judge, it merely creates.
Barry Schwartz|The mistake is to assume that the way it feels at the moment is the way it will feel forever.
Alaric Hutchinson|We do not want to deny existence. Yet we also do not want to limit existence. Thus, we observe and honor without forming opinion, labeling, or adding a story to the object of our observation.
Alaric Hutchinson|A single thought can shift your entire world.
Alaric Hutchinson|I’m not here to disagree with people or try to change anyone’s mind. I’m just here to accept and love others right where they are – no matter their belief systems or backgrounds.
Jean Moreau, Abbey of Kervennec, France|Creation is always an act of affirmation, a lust for life or activity, a restlessness accompanied by art. That art is what pleases and invigorates and mystifies me.
Amit Ray|Mindfulness is not chasing the moment but beautifying the moment.
Amit Ray|Every moment is auspicious. There is always some magic in it.
Rasheed Ogunlaru|The best way to look back at life fondly is to meet it - and those along your journey - warmly, kindly and mindfully
Alaric Hutchinson|Compassion dissolves ignorance.
Earthschool Harmony|Remember seeker, our earthly perceptions of reality are just an illusion.
Alaric Hutchinson|Living in the present moment is the recurring baptism of the soul, forever purifying every new day with a new you.
Earthschool Harmony|Immersed in surrender and gratitude, celestial pearls of wisdom form rosaries of prayer that entangle with my soul.
Earthschool Harmony|Your spiritual heart imbibes in the primordial light and, as you dance towards infinity, you begin to see all things are held together by the power of love.
Alaric Hutchinson|It is often the simple daily practices that influence our lives in dramatic ways.
Alaric Hutchinson|Your Ego tells you that you were wronged and it validates your separation. Your Higher Self tells you that you were blessed and it validates your expansion.
Natasa Pantovic Nuit|Mindfulness is awareness of everything that is happening in the moment of 'Now'. Mindfulness is a self development technique that will change the focus of our mind towards happiness.
A.D. Posey|That which is cool is driven by the soul.
Christopher Dines|When we observe the flow of our breathing, we transcend our thoughts and are able to bring mind and body into harmony with each other. Thus, we create calm.
A.D. Posey|Beauty is light set free.
Nick Bostrom|A full-throttled deployment of the practices of strategic communication would kill candor and leave truth bereft to fend for herself in the backstabbing night of political bogeys.
Nikki Rowe|Be bold, speak from your heart.
Nikki Rowe|Seeked of self love.
A.D. Posey|Gratitude is the gateway to a positive life.
Aniekee Tochukwu Ezekiel|Crowns belong to those that serve.
Thich Nhat Hanh|The energy of mindfulness has the element of friendship and loving kindness in it.
Stacie Hammond|Everything can turn around in a moment, if you just change your thoughts, and make different decisions. Listen to your heart.
Roy T. Bennett|Be mindful. Be grateful. Be positive. Be true. Be kind.
Amit Ray|Every moment nature is serving fresh dishes with the items of happiness. It is our choice to recognize and taste it.
Sheniz Janmohamed|with each measured step,. we know. this earth is only as solid. as we are.
Rasheed Ogunlaru|Enlightenment is not about attaining an ultimate level of intelligence or intellect. It is regained by shedding all the ideas, illusion and binds thrust on you and that you then so readily accrue.
Thich Nhat Hanh|Every day we are engaged in a miracle which we don't even recognize: a blue sky, white clouds, green leaves, the black, curious eyes of a child - our own two eyes. All is a miracle.
Rashedur Rahman|Simply just BE GRATEFUL what you have today, there is millions who'are crying for the place where you are today
Lidiya K.|Everything real is in the present moment. Only here can we find happiness and harmony, feel alive and do something that will change our future. Only here can we be with the people we love, enjoy the things we like and see beautiful places.
Thich Nhat Hanh|Meditation is to be aware of what is going on: in your body, in your feelings, in your mind, and in the world.
Toni Sorenson|Be aware of the voices in your head. Identify them. Just because you hear it doesn’t mean it’s your voice saying it. And just because you think it doesn’t mean it’s true.
Bert McCoy|I teach what compels us to question our reality
Earthschool Harmony|May you always remember the Beloved is your divine and sacred self.
Lidiya K.|No ideals. No illusions. Just reality - but more perfect than you’ve ever imagined. That’s what being mindful and living in the present means.
Aditya Ajmera|The mind which is reluctant to change or alter is "ME and I". The mind which is ready to get empty and altered is "BUDDHA".
Lidiya K.|Mindfulness helps you understand that the past is gone, can’t be changed and all the lessons are already learned.
Christina Feldman|Compassion is a fundamental principle of meditation. Meditation is not a narcissistic, self-interested path. It provides the foundation for love, integrity, compassion, respect and sensitivity (Feldman, 1998, p.2).
Halit Ziya Uşaklıgil/Sefile|Durdu, tereddüd etti.
Rasheed Ogunlaru|Enlightenment is not about attaining a ultimate level of intelligence or intellect. It is regained by shedding all the ideas, illusion and binds thrust on you and that you then so readily accrue.
Rick Perlstein|Do what you are doing. Monastic motto
Martin Stepek|Vast skies in the Australian desert. waves that don't move. we slide surf glide like condors
Miranda July|I felt like I wasn’t living thoroughly enough — I was distracted in ways I wouldn’t be if I’d been born in 1929.
Munia Khan|My mind’s flight rises beneath the seagull’s wings . …then ocean is my motherland I feel
Jose Incer|Mindfulness is essential in our path toward personal growth. We cannot cannot change what we are not aware of.
Aberjhani|Discourse and critical thinking are essential tools when it comes to securing progress in a democratic society. But in the end, unity and engaged participation are what make it happen.
Nikki Rowe|You learn who you are by unlearning who they taught you to be.
Mary Doria Russell|My experience is that many things are not as bad as I thought they would be.
Rasheed Ogunlaru|Thought for the day: we have far too many of them. And we prize them too highly; more so than we do the power of silence, mindfulness and pure kindness.
Rasheed Ogunlaru|One of the fascinating things about our lives - and minds - is that tend to spend years wishing and wanting others and the world around to see in us that which we ourselves do not appreciate fully.
Lailah Gifty Akita|Mediation on the Scriptures will renew your mind.
Gary   Hopkins|If you make time for the nonsense, good or bad, it will continue to seek you out.
Gary   Hopkins|Healing ultimately comes down to whether or not you have made the decision to do so.
Pico Iyer|... a man sitting still is alone, often, with the memory of all he doesn't have. And what he does have can look very much like nothing.
Rasheed Ogunlaru|There is nothing you lack and all you will find; we are one at the heart - just divided by mind. Don't let life pass you by.
Azra Kohen|Gitmek istediğimiz yerden bizi uzaklaştıracak tepkiler verip, sonra da adaletsizliğe sığınmak tam insana göre.
Rasheed Ogunlaru|Until you are clear nothing will be. The moment you are clear everything will be.
Rasheed Ogunlaru|The pathway to enlightenment, transformation and liberation is the heart not the mind.
Aimee Halpin|You have more power over your mind than you realize. The time to strengthen it is now.
Renee Cefalu|What goes on in our heads solely determines the level at which we function in society, our physical health, and the degree of our mental and emotional stability and maturity.
Rasheed Ogunlaru|Gratitude is the best food to start and sustain you. Hankering creates hunger, unhappiness, bellyache, headache and heartache - and often leaves a bitter taste
Michael R.  Fletcher|One truism lay underneath every choice and word: change what people think and you change the world.
Amit Ray|Breathing is our participation with the cosmic dance. When our breath is in harmony, cosmos nourishes us in every sense.
Alex Morritt|Happy New Year' is a festive form of address often uttered without thinking. Yet how many souls will in fact be happy in the coming year is a taxing question requiring a great deal more thought.
Rashedur Ryan Rahman|If you are not EXCITED enough at your present life its mean your future is not EXITING. Excitement will give you ENTHUSIASM and enthusiasm will give you a positive energetic LIFE STYLE which could give you a successful exiting life…
Evan Sutter|Study yourself; it should be the first subject you learn and the one you revise each and every day
Rashedur Ryan Rahman|Your VISION and your self-willingness is the MOST powerful elements to conquer your goal
Rashedur Ryan Rahman|Your traditional EDUCATION is not going to CHANGE your life but the life you are experiencing that can change you. Choose a POSITIVE life STYLE with positive ATTITUDE which could bring you a life with HAPPINESS and WISDOM
Lailah Gifty Akita|The madness in the heart is the state of mind.
Rashedur Ryan Rahman|Autumn is a momentum of the natures golden beauty…, so the same it’s time to find your momentum of life
Ramana Pemmaraju|We think consciously yet live life unconsciously!
Marcus Aurelius|That all is as thinking makes it so – and you control your thinking. So remove your judgements whenever you wish and then there is calm - as the sailor rounding the cape finds smooth water and the welcome of a waveless bay.
Natasa Pantovic Nuit|Do not give up when touching the Door of Awareness, you meet its Mindfulness Magic, but let it open wide giving your family a possibility to Create Reality of Your Dreams.
Natasa Pantovic Nuit|With 70,000 thoughts a day and 95% of our activity controlled by the subconscious mind, no wonder that it feels as though we are asleep most of the time. To awake, we need to train Self-Remembering and Mindfulness.
Rashedur Ryan Rahman|REJECTION is kind of your negative ILLUSION which has no value but it’s give you a CLUE to go for next level of your ACTION.
Rashedur Ryan Rahman|How you think and create your inner world that you gonna become in your outer world. Your inner believe manifest you in the outside
Eckhart Tolle|Stay present, stay conscious.
Rashedur Ryan Rahman|CONFIDENCE is not showing off your VANITY, it’s about to be HUMBLED and KIND to others what are you truly SKILLED and PROFESSIONAL about…
Walter Mosley|He made me question what was, when for a whole lifetime up till that moment, I accepted the world’s excuses.
T.F. Hodge|Avoid having to pump your brakes by keeping your flow on cruise control.
Lailah Gifty Akita|Renew your mind with word of God.
Cass van Krah|Bodies get older. . . Spirits never die!
Amit Ray|Mindfulness is not the path of chasing. It is the path of beautification. When flowers blossom, the fragrance spreads, and the bees come.
Amit Ray|Beautify your breath – beautify your life.
Aberjhani|If the idea of loving those whom you have been taught to recognize as your enemies is too overwhelming, consider more deeply the observation that we are all much more alike than we are unalike.
Amit Ray|Mind is like a net, drawn by the needles of past and future. Mindfulness is the way for not getting stuck into that net.
Amit Ray|Mindfulness helps us to focus on one goal at a time. It helps us to be more relaxed, patience and compassionate towards the goal.
Amit Ray|Mindfulness is not a mechanical process. It is developing a very gentle, kind, and creative awareness to the present moment.
Rasheed Ogunlaru|I am not sure that you can be taught how to love. In many ways it is innate - just watch and see what small child effortlessly does. But you can be invited to it and reminded of it.
Soke Behzad Ahmadi|An open mind, is the best weapon, in the fight between light and darkness
Rasheed Ogunlaru|They'll come a time - in fact many times - when all the tools &amp; techniques will fail you or desert you. Then - at last - is the moment to trust, use &amp; follow your heart
Brandi L. Bates|Whatever it is you want in this life, be it material things, a place you want to be, or an experience you want to have, you must first make it real in the realm of your consciousness.
Matthew Donnelly|My biggest question was how to get rid of desire while going after your dreams? . . Dreams are desire in some way, shape or form. My answer is go after your dreams but don't get lost in your actions by staying present as often as possible.
Rashmit Kalra|There is no mystery. Truth is here - always present. Mystery is in the mind and mind is a myth.
Evan Sutter|The worlds high on doing and distracting and as result we need to keep doing and it doesn’t really matter what we are doing, as long as it is distracting.
Annie Dillard|<strong>  Yes, it’s tough, it’s tough, that goes without saying. But isn’t waiting itself and longing a wonder, being played on by wind, sun, and shade?</strong>
Amit Ray|Life is a collection of moments. Mindfulness is beautification of the moments.
Amit Ray|Collaboration is the essence of life. The wind, bees and flowers work together, to spread the pollen. Mindfulness gives us the opportunity to work with the cosmic collaboration.
Amaka Imani Nkosazana|Time is valuable in life. You can show someone how much you appreciate them by giving your time. A good amount of time goes by each day. Spending time with the ones you love shows them how much you care.
Anthony Liccione|In the horrors of war, please bring me peace.
Matthew Donnelly|Live in the mysterious. Accepting and being fully at peace with not knowing what's going to happen in the future will allow us to be fully present and more peaceful in the present.
Marie Kondō|Quem não consegue tomar decisões em geral não tem confiança em si próprio.
Matthew Donnelly|Either you 'are' in your mind, or you are where you are. Fully present.
Harshit Walia|The meaning of Sannyas is not well defined. Its meaning is not static; it is redefined after short periods of time in the life of a Sannyasi.
Aditya Ajmera|Unexamined thoughts, habits or action may offer some deceptive gain or pleasure but eventually it takes away something most valuable from our life ,which we have ever wished for.
Tamara Rendell|Here,” he said, “I place the man I was aside the man I am now. And we have not the same hope nor thought, yet are one continuous breath from the body of I, Akiyama Akio.
Matthew Donnelly|The 'Mind' in it's nature is conditioned to 'label'. From people, to situations, and circumstances to everything in between. . . When we allow the mind to shut down we let things be as they are.
Matthew Donnelly|Don't get caught in the trap of always "Needing" something. Needing something always projects your mind into the future as if you have it and is the opposite of gratitude. Be content in the present moment.
Evan Sutter|Concentration is like a leash for our mind, keeping it under control and obedient and not giving it too much room to move as it wishes.
Mohit Dhaka|Making your mind your best friend is the most intellectual choice that any man can make
Tom Vanderbilt|Traffic is more of the in between time where we think more about where we are going than where we are at the moment.
Matthew Donnelly|When you're one with being you're one with god.
Daniel St. Clair|When we invoke stillness within our consciousness, we have the power to recover the child we forgot that we once were.
Idowu Koyenikan|Mindless fear is greater than mindful fear.
Rasheed Ogunlaru|The only way to change someone's mind is to connect with them from the heart.
Evita Ochel|Until you realize how easily it is for your mind to be manipulated, you remain the puppet of someone else's game.
Evita Ochel|Fear is what created the monster in the room, and in order to overcome the many problems and enslavements that we have today, it is not about getting rid of the monster, but about getting rid of the fear.
Manprit Kaur|Meditation is the art of silencing the mind so that you may hear the inklings of the Soul.
Lailah Gifty Akita|I have only dwelt in my thoughts.
Evita Ochel|Shed who you think you are, to experience who you really are.
Rasheed Ogunlaru|In life your expectations and disappointments are directly linked. So too is your heartfulness and your contentedness
Miya Yamanouchi|Take notice of what thoughts you choose to fill your mind with each day. Our thoughts draw to us whatever is dominating our mind, so always keep what you are thinking about in check.
C.M. Rayne|The heart can't beat next to a mind full of questions.
Rasheed Ogunlaru|The human mind and what we've achieved with it is remarkable. But it does not come close to what we can do, be, see and heal with our hearts
Sam Harris|That which is aware of sadness is not sad. That which is aware of fear is not fearful. The moment I am lost in thought, however, I'm as confused as anyone else.
Rhonda Byrne|A doença é retida no corpo pelo pensamento, pela observação da doença e pela atenção dada a ela.
Loch Kelly|You are already the awakeness that you seek!
Loch Kelly|The big realization when we go beyond the ego is simply seeing that we've always been ok.
Loch Kelly|We can learn to return home to our open hearts at any moment.
Loch Kelly|Rest as the awareness that is aware without using thought.
Jeffrey A.  White|Mindfulness is intimacy with all things.
Evita Ochel|Shed who you think you are, in order to experience who you really are.
Danny Penman|A sua mente frenética fica mais calma, não por todos os pensamentos terem desaparecido mas porque permite que eles sejam como são. (...) Recordar isto é atenção plena.
Ron Baratono|We all have anger in our hearts at times from past situations or even present. These thoughts hurt one’s self more than anything. Without the effort of washing those thoughts from our minds there can be no inner peace.
Rasheed Ogunlaru|Nothing has value without self worth
Lailah Gifty Akita|We must look deep into our soul daily.
Amit Ray|As the flower blooms in spring, compassion grows in mindfulness.
Banani Ray|Om is the things, Om is the ingredient, Om is the container and the content of this universe.
Stephen Few|To find signals in data, we must learn to reduce the noise - not just the noise that resides in the data, but also the noise that resides in us. It is nearly impossible for noisy minds to perceive anything but noise in data.
Banani Ray|Om is that God of love. Like a loving mother Om cleans us of our clutters collected through many incarnations.
Charnita Arora|You are a miracle. Remind yourself often.
Stephen LaBerge|How often are you aware of your surroundings, really aware? And how often are you merely reacting in the same automatic way as you do in dreams?
Banani Ray|Life is a pilgrimage. Each moment is to be lived in depth, because each moment contains God, hidden within it.
Narissa Doumani|It starts with a single breath and the present moment, but where it takes you is into the vast radiance of your true nature, into a magical, spacious life.
Jon Kabat-Zinn|Mindfulness is a way of befriending ourselves and our experience.
Narissa Doumani|...after much practice and struggle, you come to feel for yourself that enlightenment is not only possible, but in process.
Aditya Ajmera|We must realise that cognitive hygiene is as important subject as oral hygiene for healthy and happy existence.
Shya Kane|If you are satisfied, you bring your satisfaction to the moment and fill the circumstances of your life with that satisfaction. If you are dissatisfied, however, no one and nothing can produce contentment for you.
Russell Eric Dobda|Even just taking 20 seconds to truly appreciate your surroundings makes a world of difference.
Russell Eric Dobda|Be mindful of those who take credit for your success or blame you for their failures.
Mebs Alibhai|To still your mind , first still your tongue.
Sharon Salzberg|Compassion is born out of lovingkindness.. It is born of knowing our oneness, not just thinking about it or wishing it were so. It is born out of the wisdom of seeing things exactly as they are.
Aditya Ajmera|If we do not judge flow of life by the limited human understanding, we will flow through life calmly and effortlessly.
Karen Bohlin|...there is a danger of churning out students who are rapid processors of information but may not necessarily be more reflective, thoughtful, and able to give sustained consideration to the information that matters most.
Sharon Salzberg|The simple act of being completely attentive &amp; present to another person is an act of love, and it fosters unshakeable well-being.
Bernice Morgan|Work, he tells them one night, is a kind of prayer.
Narissa Doumani|The whole present moment was a celebration; it always had been; all I needed was fresh eyes to see it.
Narissa Doumani|Meditation and mindfulness are tools for working with the mind, but where they have led me is to a blossoming of the heart...
Kabira|Success is all about falling in love with one idea!
Ruby Wax|You'll notice that pain isn't solid or constant but rather a series of sensations, sometimes hard, sometimes light, and even sometimes gone altogether
Erin Fall Haskell|To the degree we give power to anything outside ourselves we become powerless
Lailah Gifty Akita|Life’s challenges are inevitable. We have to prepare mentally by renewing our mind with inspiration daily to be able to cope when the situation arise.
Lailah Gifty Akita|If I don’t succeed, I will try again and never stop trying.. When I succeed, I will again explore new opportunities.
Erin Fall Haskell|Deep inside of you is a 'Guru' with the wisdom of the entire Universe!
Christopher Dines|When you can begin to see the similarities between you and your work colleagues in respect of ‘being human’ and the collective challenges we all face, it makes life much easier to deal with, especially when met with overbearing behaviour.
Christopher Dines|Through practising body scan awareness meditation, we can greatly reduce the detrimental effects of stress and make our working lives pleasant and enjoyable.
Jon Kabat-Zinn|...but we're not being educated in how to be, only in how to accomplish. So it's all about acquisition, about getting stuff we don't have...As soon as you realize it's a thought pattern, you can write yourself a restraining order.
Germany Kent|You have to change your thinking if you desire to have a future different from your present.
Lailah Gifty Akita|My love, you are always on my mind. I love you so much.
L.M. Browning|Being connected to everything has disconnected us from ourselves and the preciousness of this present moment.
Vironika Tugaleva|Peace is not the absence of pain, but the welcoming of pain as a teacher.
Lailah Gifty Akita|Countless possibilities exist in any situation. You must maintain a positive outlook to see the miraculous possibilities.
Lailah Gifty Akita|You have the ability to control your thoughts.
Maya Angelou|If you must look back, do so forgivingly. If you must look forward, do so prayerfully. However, the wisest thing you can do is be present in the present... gratefully.
Lailah Gifty Akita|Positive mind-set is vital for surviving hard-times.
Aditya Ajmera|Mind is absolutely competent to harvest anything, it is up to us what we wish to produce!! Illusion, Ignorance or Awareness.
Lailah Gifty Akita|Life is a teacher. We are the student.
Lailah Gifty Akita|Renew your mind with the knowledge on scriptures daily. You will be better equipped to handle any situation.
Vironika Tugaleva|Watch your thoughts, for they will become the words of people you draw to yourself.
Lailah Gifty Akita|Keep dreaming.. You can go as far as you dream.
Neil Hayes|There is a wager that we must all make; for the small stake of some rewarding mental training, we can attain lasting contentment and contribute to a positive outcome for our planet.
Aldous Huxley|Choiceless awareness - at every moment and in all the circumstances of life - is the only effective meditation.
Lailah Gifty Akita|Dwell positive thoughts!
Lailah Gifty Akita|We are strengthening by different experiences in life;. Sad times, happy moments.. Poverty, riches.. Failure, success.. Troubles, good times.. Losing, winning.
Rasheed Ogunlaru|It is one thing doing what you love for a living. It is another thing doing what you love with love
Thich Nhat Hanh|If you have mindfulness, if you feel safe, you recognize that you have plenty of conditions to be happy already, and that you don't need to run into the future in order to get a few more conditions.
T.F. Hodge|Driving in someone elses lane is easy, but remaining in your own seems to be the most challenging self discipline. No matter how big the highway, imagine yours is a singular road traveled in one direction - you're own.
Lailah Gifty Akita|Curiosity fueled our determination to keep questioning.
L.M. Browning|Becoming aware of the dearness in what might otherwise be regarded as mundane is the ultimate form of insight.
Bert McCoy|Be aware of yourself without thinking or looking in the mirror
Zhuangzi|The sage is still not because he takes stillness to be good and therefore is still. The ten thousand things are insufficient to distract his mind - that is the reason he is still.
Lailah Gifty Akita|Happiness is a state of mental,physical and spiritual well-being. Think pleasantly,engaged sport and read daily to enhance your well-being.
Lailah Gifty Akita|Think pleasantly;. Think of how beautiful you are.. Think of the families you are blessed with.. Think of the dreams you have to achieve.
Bert McCoy|what is not true does not exist in this moment.
Lailah Gifty Akita|Keep calm and keep learning.
Lailah Gifty Akita|Let your imagination takes you to where you wish to be.
Lailah Gifty Akita|Hope is the believe that the promised will be fulfilled.
Lailah Gifty Akita|I am the master of my mind. I dwell on positive thoughts.
Nancy L. Kriseman|My caregiver mantra is to remember 'The only control you have is over the changes you choose to make.
T.F. Hodge|Not Eve:. Under any condition, in any situation, a mature woman does not need to be checked by her man. She is not childish, but fully capable of [a] self check if she respects the wisdom given to her by The Most High; her name ain't Eve.
Nancy L. Kriseman|One goal of the mindful caregiver is to find ways to not feel ‘dis-eased’ in the caregiving process.
Nancy L. Kriseman|Caregiving will never be one-size-fits-all.
Lailah Gifty Akita|How could we love books more than money? This is the state of book lovers.
Lailah Gifty Akita|The gift of the moments and its lessons prepares us for a better tomorrow.
Nancy L. Kriseman|Embracing a healing presence requires you to just be in the moment together.
Nancy L. Kriseman|My caregiver mantra is to remember: the only control you have is over the changes you choose to make.
Lailah Gifty Akita|Let your imagination takes you where you want to be.
Lailah Gifty Akita|Hope is the assurance of positive expectations.
Lailah Gifty Akita|Hope, positive wonders.
Lailah Gifty Akita|Feel better, work better.
Nancy L. Kriseman|As your care recipient’s advocate, be involved, don’t accept the status quo, and don’t be afraid to voice your concerns.
Lailah Gifty Akita|Hope is an enthusiastic assurance.
Lailah Gifty Akita|We can only live life when we understand life.
Lailah Gifty Akita|We are inspired by divine power to write.
Magritte|The mind loves the unknown. It loves images whose meaning is unknown, since the meaning of the mind itself is unknown.
Thich Nhat Hanh|Anywhere we go, we will have our self with us; we cannot escape ourselves.
Thich Nhat Hanh|Suffering has many faces. If we discover the roots of one suffering, we are at the same time discovering the roots of others.
Debasish Mridha|Past, I am letting you go; future, I will see you tomorrow; present, I love you, live in you, use you and never let you go.
Vironika Tugaleva|A healthy mind observes and questions itself. This is the path to inner peace and happiness. Don’t believe everything you think.
Vironika Tugaleva|There are few things more destructive than thoughts believed without question.
Charlotte Eriksson|I want people to feel safe around me. Calm and at peace and I want to make people feel accepted. I want to express confidence on my own path, and spread confidence to other people on theirs.
Mary Oliver|I would like people to remember of me, how. inexhaustible was her mindfulness.
Paul Gibbons|Mindfulness requires being a beginner. Setting absurdly high-standards, and being unwilling to be a novice, are the joint enemies of personal progress and change. Nobody benchpresses 100 kilos the first time they enter a gym.
Viktor E. Frankl|Life requires of man spiritual elasticity, so that he may temper his efforts to the chances that are offered.
Chris Matakas|Deep down I believe each of us is a well-spring of understanding and wisdom, but we simply never allow the space or time for this understanding to rise to the level of conscious thought.
Ana Claudia Antunes|My friends think I'm outgoing, but I don't travel as much outside as I do from the inside.
Michael Levy|A person's Acts of #Kindness far outlives their lifespan,for they leave behind a true, meaningful legacy.
Paul Gibbons|Mindfulness promises a great number of desirable benefits, and is based on much more solid research than many competing ideas on how to change people.
Matt Broadway-Horner|Always look at the function, its not what you did but why do you do it? Once you find the why then you walk through another door
Eleanor Brownn|You don’t have to wait until you get to the top of a mountain, to enjoy the view.
Celeste Cooper|Mindfulness describes a "state of becoming" that places the individual beyond judgment and definition.
Molly Friedenfeld|Fear is an illusionary place we travel to in our minds when we allow ourselves to move away from the heart.
Chris Matakas|We see that the vast majority of our suffering is needless, and simply arises from the misidentification with our thinking mind.
Chris Matakas|This is what it means to be mindful. To watch the thoughts as they come and go without judgment while completely accepting what arises in the present moment.
Roma Khetarpal|We can easily teach our kids hot to be kind, compassionate and respectful when we are kind, compassionate and respectful to them.
Vironika Tugaleva|I could not see beauty until I held hands with chaos in silence.
Michael Levy|☺☺ When a man gets to 99, he starts to think, he may only have another 10 years of sexy lovemaking left... Still Smiling At 99. ☺☺
Michael Levy|☺☺ When a man gets you 99, he starts to think, he may only have another 10 years of sexy lovemaking left... Still Smiling At 99. ☺☺
Kamon|Happiness has more to do with giving than taking. Kamon 2015
Gabor Maté|The attempt to escape from pain, is what creates more pain.
Alaric Hutchinson|Unconditional Love is the outer expression of Inner Peace.
Stefan Molyneux|There is no key to open the heart of another - except curiosity.
Stefan Molyneux|Baseless victimhood is usually the last stage before outright aggression.
H.G. Wells|It is good to stop by the track for a space, put aside the knapsack, wipe the brows, and talk a little of the upper slopes of the mountain we think we are climbing, would but the trees let us see it.
Lailah Gifty Akita|Awake my soul.. Awake my spirit.. Awake my desires.. Awake my light.. Awake my mind.. Awake my hope.. Awake my faith.. Awake my love.
Ilchi Lee|The innumerable phenomena of life are temporary manifestations of LifeParticles.Once we know that everything comes and goes in a flux of LifeParticles, we can watch ourselves and the world with tranquility.
Alaric Hutchinson|There is never a reason good enough to be out of alignment with peace.
Enza Vita|What is constant? Is the mind anything more than a conglomeration of thoughts? Where is the mind apart from thought? If there is no thought, can there be a mind? They cancel each other out, do they not?
Dawn Downey|I was unprepared for the firsthand experience of mindfulness. The way that awareness … revealed a sense of well-being right there in the heat of my emotions.
Kelly G. Wilson|Learning to sit with ambiguity can be a very important start at a life liberated from anxiety—and the way to do it is to resist the urge to chase answers to questions that may actually be unanswerable.
Jacob Nordby|We are, all of us, always only one breath or softening of our thought away from an invasion of divine wonder and fresh miracles. Soul waits for any small opening of our hearts to steal into everyday life.
Justin K. McFarlane Beau|I mind the unmindful, but I mind my own mind too. Mine your mind, and mine the minds of others. Mind.. you are mine!
Laura Hanna|Whats on my mind? I think the question is, where is my mind?
Lailah Gifty Akita|I am the master of my mind and fate.
Bryant McGill|Mindfulness is that space where you are in touch with life-experience and you are brightly aware.
Francy Pillo-Blocka|Awareness is bliss.
Charlotte Eriksson|It will not always be easy, but it will always be beautiful.
Janice Marturano|There is no work-life balance. We have one life. What's most important is that you be awake for it.
Oliver Gaspirtz|Happy Endings are an illusion. Real life is filled with brief moments of fleeting happiness, but ultimately every life is a tragedy that ends in death and grief.
Rasheed Ogunlaru|The mind defines, decides, doubts and divides - only the heart truly binds.
Joseph Campbell|Every moment is utterly unique and will not be continued in eternity. This fact gives life its poignancy and should concentrate your attention on what you are experiencing now.
Annika Sorensen|The grass is not 'greener' on the other side – it is just another shade of green.
Annika Sorensen|It is fine to be committed to work, but our minds need time to recover and our bodies need to move.
Annika Sorensen|Feeling good about yourself is the best sleeping pill of all.
Annika Sorensen|We must dare to be true to ourselves – to see ourselves as we really are.
Annika Sorensen|By simply braking down the task into more manageable pieces much can be accomplished in a year.
John Blofeld|In East Asia generally, the notion of a Supreme Being, so essential to Western religions, is replaced by that of a Supreme State of Being, an impersonal perfection from which beings including man are separated only by delusion.
Anna Quindlen|Sometimes I live so much in my mind that I forget what is right before my eyes.
Gyalwa Dokhampa|It is through the filter of our ego that we give meaning to everything we see, touch, hear, taste and feel.
Alexandra Katehakis|Right where you are, the potential of the universe is.
Chris Prentiss|If you feel depressed for an hour, you've produced approximately eighteen billion new cells that have more receptors calling out for depressed-type peptides and fewer calling out for feel-good peptides.
Vironika Tugaleva|There is no transcending our minds, only using them optimally.
Kelly    Martin|Now is the only time you have. Change is happening. Give up your desire to control the world
Diane Keaton|As he stared into the ocean, he must have tossed a lifetime of apologies into its silence. Maybe he thought the tide would wash his troubles away.
Charlotte Eriksson|Sometimes you need to sit lonely on the floor in a quiet room in order to hear your own voice and not let it drown in the noise of others.
Emo Philips|I used to think that the brain was the most wonderful organ in my body. Then I realized who was telling me this.
Thich Nhat Hanh|If I don't understand you, I may be angry at you, all the time. We are not capable of understanding each other, and that is the main source of human suffering.
Stefan Molyneux|The true self is that which is in touch with reality. . The false self is the aspects of your personality that are adapted to threats and no longer consciously recognizes either the adaptation or the threat.
David Levithan|There will always be more questions. Every answer leads to more questions. . The only way to survive is to let some of them go.
Thich Nhat Hanh|We should live every day like people who have just been rescued from the moon.
Walter Wink|The 'peace' the gospel brings is never the absence of conflict, but an ineffable divine reassurance within the heart of conflict; a peace that surpasses understanding.
Sheri Van Dijk|If you’re living in the present...you only have to deal with what’s actually going on in that moment.
Thich Nhat Hanh|The son needs the father to have access to his source, and the father needs the son to have access to the future and the infinite.
Brigid Schulte|What often matters more than the activity we're doing at a moment in time is how we feel about it.
Holly Sprink|We don't practice hospitality to point other people to ourselves, our church, or even our beliefs. We practice hospitality to point people toward the ultimate welcome that God gives every person through Christ.
Jon Kabat-Zinn|Through it all, we attempt to bring balance to the present moment,. understanding that in patience lies wisdom,. knowing that what will come next will be determined in large measure by how we are now.
Rob Brezsny|The fisherman of the Colombian coast must be learned doctors of ethics and morality, for they invented the word sentipensante, or ‘feeling-thinking’ to define language that speaks the truth. Eduardo Galeano
Holly Sprink|Praise be to God that hope is much more than how we feel on a given day. It exists outside of us; it is an entity in itself.
Michael Singer|Everything will be okay as soon as you. are okay with everything. And that’s the. only time everything will be okay.
Holly Sprink|Compassion doesn't arise from the belief that the evil in the world is somebody else's fault or that it is a result of poor choices a suffering person has made.
Kay Ryan|There are high places that don’t invite us, sharp shapes, glacier-scraped faces, whole ranges whose given names slip off. Any such relation as we try to make refuses to take…I’m giddy with thinking where thinking can’t stick.. . No Names
Tony Dovale|Rethink success: Few people will ever discover that the most important business they will ever run.. is their life!
Holly Sprink|If we allow our American mindset of consumption to spill into our understanding of what a Christian is, we are in danger of living irrespective of world family.
Anthony de Mello|There are two ways to wash dishes: One is to wash them in order to make them clean; the other is to wash them in order to wash them.
Línjì Yìxuán|The miracle is not to walk on water. The miracle is to walk on earth.
Sharon Salzberg|We have the power to improve our work lives immeasurably through awareness, compassion, patience &amp; ingenuity.
Sharon Salzberg|In a situation of potential conflict, let compassion guide you.
Sharon Salzberg|Being happy at work is possible for all of us, anytime &amp; anywhere, with open eyes and a caring heart
Sharon Salzberg|Mindfulness helps us to set boundaries by revealing what makes us unhappy &amp; what brings us peace.
Sharon Salzberg|Meditation trains the mind the way physical exercise strengthens the body.
Rajeev Kurapati|The mind confines our outlooks to a mere bundles of desires, pleasures, prejudices, and fears to safeguard the body it inhabits.
Anonymous|In your haste you walk far too fast. And in doing so you often leave your soul behind.
Sharon Salzberg|Distraction wastes our energy, concentration restores it.
Sharon Salzberg|Meditation is not about what's happening, it is about how we're relating to what's happening.
Holly Sprink|We can make our own plans and judge them by our narrow expectations, or we can experience life as the boundless reality of the One who created it.
Holly Sprink|We don't treat Jesus like a puppy, soaking in his excitement over our coming home and then leading him back to stay in the laundry room when we go out to begin another day.
Sharon Salzberg|When we experience dissatisfaction at work, which everyone does we can use our disappointment as fuel to wake up.
Ilchi Lee|Everything in existence undergoes constant change. The things that surround us, even our selves are temporary manifestations of Ki energy.
Vironika Tugaleva|Perhaps the most liberating moment in my life was when I realized that my self-loathing was not a product of my inadequacy but, rather, a product of my thoughts.
Jon Kabat-Zinn|Patience is a form of wisdom. It demonstrates that we understand and accept the fact that sometimes things must unfold in their own time.
Kaiden Blake|Instead of waiting for the right moment, BE the right moment. You won't be ready for anything if you aren't ready to be you.
Brandi L. Bates|Drama does not just walk into our lives. Either we create it, invite it, or associate with it.
Brandi L. Bates|You settle for less, you get less.
Mary Baker Eddy|Happiness is spiritual, born of truth and love.
Brandi L. Bates|Everyone's life changes when they meet their Obi-Wan &amp; their Yoda, or their Morpheus &amp; their Oracle; those who help remove the veil.
Henry David Thoreau|What a man thinks of himself, that it is which determines, or rather indicates, his fate.
Brandi L. Bates|Be selective in your battles...
Meg Wolfe|This is today! What will tomorrow bring? Life arrives and departs on its own schedule, not ours; it's time to travel light, and be ready to go wherever it takes us.
Ursula K. Le Guin|Judgement is poverty.
Michael H. Brooks|With mindfulness there is more to unlearn than there is to learn.
Shamash Alidina|Mindfulness isn’t inherently Eastern, just as electricity isn’t inherently Western. Mindfulness is a quality of presence that’s innate in all human beings.
Brandi L. Bates|Understand: I don't ever want to be equal to any other being. I always want to be greater...in all things, in all circumstances.
Rajeev Kurapati|By way of watching your mind, you will see life beyond a mere set of habits, emotions and beliefs.
Brandi L. Bates|The reason why many people remain on the bottom is because they play to 'not lose', as opposed to playing to win at all costs.
Christopher Dines|Mindfulness does not erase negative memories; it 'transcends' them giving us back our deepest power which resides in our hearts.
Brandi L. Bates|No one is born with equality. We all come here with varying degrees of opportunities, qualities, strengths, weaknesses, IQ, etc.
Eckhart Tolle|Be the silent watcher of your thoughts and behavior. You are beneath the thinker. You are the stillness beneath the mental noise. You are the love and joy beneath the pain.
Brad Blanton|Most of us would rather kill ourselves than be, particularly if who we think we are keeps dying. Many of us do.
Janet Gallagher Nestor|There are as many life missions as there are people. We are all unique. We are all important.
Rasheed Ogunlaru|I've no interest in being thought provoking. Who needs more thoughts. I'd rather go down as one who is thought disposing.
Roger Housden|When the heart opens, we forget ourselves and the world pours in: this world, and also the invisible world of meaning that sustains everything that was and ever shall be.
Janet Gallagher Nestor|As you notice your whole being, your entirety, your wise inner nature, there are messages there for you. Quietly give permission for your wholeness, your entirety, to share its deepest wisdom.
Roger Housden|That is what happens when the heart door opens- you become less yourself than part of everything.' Many are the sentinels who guard that door: our fears, our self-importance, our meanness, our greed, our bitterness, and others.
Janet Gallagher Nestor|Healing is achieved through turning on the light of your soul and allowing it to shine.
Janet Gallagher Nestor|If you love too much, you lose yourself.. If you love too little, you never find yourself.
Anthony Liccione|May your sleep be your death, and your wakefulness be your heaven.
Roger Housden|Love, like everything else, exists in a spectrum. Love of another, love of the world, love of God, all these loves are really one love in different degrees of light and density.
Janet Gallagher Nestor|Our ultimate goal is to be fully present for life. It takes practice
Janet Gallagher Nestor|Most of our healing occurs during quiet moments of rest when we are in contact with unconscious feelings and experiences. I can't imagine life without the peaceful, insightful moments I have during meditation.
Sakyong Mipham|Once I was running and there was someone on the treadmill next to me who stopped running to answer a question I asked and flew of the back of the treadmill. Being fully engaged has many benefits.
Alina Radoi|we are too busy listening to our thoughts that we don't hear the wonderful sounds surrounding us...
Janet Gallagher Nestor|The result of mindful awareness is the development of our virtues, which are the basic positive building blocks of our life.
Runa Magnus|Life is not about what happened yesterday nor what will happen tomorrow,it's about this particular moment!
Janet Gallagher Nestor|Balance is the key to a long and happy life.
Janet Gallagher Nestor|Positive thoughts help us construct a positive life, one thought at a time.
Janet Gallagher Nestor|Dedicate each day to living relaxed and worry-free. Consciously open your heart to the flow of Creation and Creation's energy. By doing so you have the power to create each day, one day at a time.
Cyndi Lee|See if you can approach your own practice with a healthy combination of mindfulness, playfulness, precision, and curiosity
Debra Moffitt|The soul-Self doesn't follow the crowd. It encourages you to speak up when you need to and live by your truth.
Kaiden Blake|Though we are emotional beings, we are not our emotions. Remember this the next time you find yourself struggling.
Jon Kabat-Zinn|The best way to capture moments is to pay attention. This is how we cultivate mindfulness. Mindfulness means being awake. It means knowing what you are doing.
Jon Kabat-Zinn|Just watch this moment, without trying to change it at all. What is happening? What do you feel? What do you see? What do you hear?
Shih-t&#39;ou|I am Not, but the Universe is my Self.
Patti Digh|Create inclusion - with simple mindfulness that others might have a different reality from your own.
C.S. Lewis|I do not think either virginity or old age contemptible, and some of the shrewdest minds I have met inhabited the bodies of old maids.
Lisa Wimberger|You fill a bucket drop by drop. You clear your mind thought by thought. You heal yourself moment by moment. Today I make one drop, clear one thought, and get present to one moment. And then I do it again.
Cynthia Sue Larson|We live in an incredibly dynamic universe that gives us what we wish for, like a waking dream
S. Kelley Harrell|What people resist the most about spiritual healing is changing their minds.
Sally Jo Martine|Pruned my subconscious. Discovered new shoots.
Lisa Wimberger|When we are depleted our giving is empty. Today I take a moment to recharge, fill up with love for my life and all of its character so that I may give from a place of overflowing.
Tara Brach|I was manipulating my inner experience rather than being with what was actually happening.
Sharon Salzberg|Mindfulness is the agent of our freedom. Through mindfulness we arrive at faith we grow in wisdom &amp; we attain equanimity.
T.F. Hodge|My plate is full; I dig that. And I can't be everywhere all the time, but my mind, heart and spirit has no bounds.
Sharon Salzberg|Vulnerability in the face of constant change is what we share, whatever our present condition.
Larry Dossey|[Some scientific] experiments…tell us that what we consider the objective world depends in some measure on our own conscious processes. There is no fixed eternal reality……… true understanding is not to be achieved with the rational mind.
Bryant McGill|Our minds of infinite possibilities have been plowed, seeded and cultivated by every word, institution and sacred belief we hold dear, to produce a foul harvest of exclusion, apathy, brute domination and death.
Mary DeTurris Poust|Our culture tries to convince us on just about every front that more is better. More is a sign of wealth, luxury, power. Gone are the days when meals were moments of connection and conversation; now it’s all about consumption and calories.
Mary DeTurris Poust|Taken slowly, or mindfully, even eating an orange or a bowl of soup, or a small piece of dark chocolate for that matter, can take on the flavor or prayer.
Rasheed Ogunlaru|Peace of mind arrives the moment you come to peace with the contents of your mind.
Pema Chödrön|The very first noble truth of the Buddha points out that suffering is inevitable for human beings as long as we believe that things last—that they don’t disintegrate, that they can be counted on to satisfy our hunger for security.
Rasheed Ogunlaru|Take a walk outside - it will serve you far more than pacing around in your mind.
Jon Kabat-Zinn|For men and women alike, this journey is a the trajectory between birth and death, a human life lived. No one escapes the adventure. We only work with it differently.
Rasheed Ogunlaru|You can not hope to arrive at harmony in your life while stirring up disturbances in anothers...
Rasheed Ogunlaru|We're merely one tree with various types, shapes and sizes of leaves that all wave differently in the breeze
Kelly McGonigal|The is a secret for greater self-control, the science points to one thing: the power of paying attention.
Peter Heller|How you refill. Lying there. Something like happiness, just like water, pure and clear pouring in. So good you don’t even welcome it, it runs through you in a bright stream, as if it has been there all along.
Rasheed Ogunlaru|The greatest gift you can give (yourself or anyone else) is just being present
Pema Chödrön|If your mind is expansive and unfettered, you will find yourself in a more accommodating world, a place that's endlessly interesting and alive. That quality isn't inherent in the place but in your state of mind.
Thich Nhat Hanh|Mindfulness is like that—it is the miracle which can call back in a flash our dispersed mind and restore it to wholeness so that we can live each minute of life.
Rasheed Ogunlaru|The world is already yours - why try to conquer it?
Will Schwalbe|...mindfulness - it isn't a trick or a gimmick. It's being present in the moment. When I'm with you, I'm with you. Right now. That's all. No more and no less.
Rasheed Ogunlaru|You cannot pour more water into a full cup without causing a spillage.
Marcus Aurelius|How good it is, when you have roast meat or suchlike foods before you, to impress on your mind that this is the dead body of a fish, this the dead body of a bird or pig.
Ken Kesey|In any given situation there will always be more dumb people than smart people. We ain't many!
Shamash Alidina|In mindfulness, acceptance always comes first, change comes after.
Katerina Stoykova-Klemer|Unfortunately, nothing can protect you from the thoughts in your own head.
David W. Jones|Full minds create chaos.
Leo Babauta|On the topic of exercise, "It's just as important as brushing your teeth everyday, more important than watching TV or reading online or answering email. Make time for something so crucial to a good life.
